seed,method,test_accuracy,test_loss,task_ci95
42,fixed_l2,0.5918000025302171,1.0193296344578266,0.0188246776860013
42,maml,0.5988000007718801,1.003713473379612,0.019975868106279028
42,meta_l2,0.6034000030905008,1.0053506289422511,0.019290476385708948
42,meta_sgd,0.6018000012636184,0.9936776167154312,0.0199324297216982
43,fixed_l2,0.6496000012755394,0.8914609552919864,0.018442955617580917
43,maml,0.6280000010132789,0.9278215283155441,0.019147623745432395
43,meta_l2,0.6288000027835369,0.9153293910622596,0.01854250147939951
43,meta_sgd,0.6562000001966953,0.8960271807014942,0.018525315431304545
44,fixed_l2,0.6566000002622604,0.8771238642930984,0.018543480071324416
44,maml,0.645800000205636,0.8996908229589462,0.01985557621832757
44,meta_l2,0.6554000040888787,0.864659823179245,0.01874558992702958
44,meta_sgd,0.6728000006079674,0.8344377166032791,0.01886943805367859
