method,kind,scope,parameter,mean,std,min,max
meta_sgd,learning_rate,per_parameter,features.0.weight,0.1577658355236053,0.130652517080307,-0.0671990290284156,0.4000000059604645
meta_sgd,learning_rate,per_parameter,features.0.bias,0.0627640411257743,0.1523359715938568,-0.0800958275794982,0.4000000059604645
meta_sgd,learning_rate,per_parameter,features.3.weight,0.2515380084514618,0.1311875879764557,-0.1098460853099823,0.4417220056056976
meta_sgd,learning_rate,per_parameter,features.3.bias,0.159184455871582,0.1409137099981308,-0.0707747265696525,0.4159445762634277
meta_sgd,learning_rate,per_parameter,features.6.weight,0.3554829359054565,0.0644724145531654,0.062629722058773,0.5917271375656128
meta_sgd,learning_rate,per_parameter,features.6.bias,0.2493128478527069,0.0715432167053222,0.1184264048933982,0.4157519936561584
meta_sgd,learning_rate,per_parameter,features.9.weight,0.4195966720581054,0.0527990162372589,0.1754838228225708,0.6891458630561829
meta_sgd,learning_rate,per_parameter,features.9.bias,0.2564004957675934,0.0843882858753204,0.0945838093757629,0.446624606847763
meta_sgd,learning_rate,per_parameter,classifier.weight,0.4542497098445892,0.0682803317904472,0.3001798689365387,0.6443340182304382
meta_sgd,learning_rate,per_parameter,classifier.bias,0.1215418949723243,0.0356776975095272,0.0736613497138023,0.1749128699302673
