seed,parameter,initial_coefficient,final_coefficient,relative_change_percent,nonzero_gradient_updates,nonzero_raw_updates,raw_gradient_abs_median,raw_gradient_abs_max,final_raw_l2
42,classifier.weight,0.0001000000411295,1.4025742530066054e-05,-85.97425746993395,600,600,8.713431309814723e-09,4.732774172566678e-08,-11.174609184265137
42,features.0.weight,0.0001000000411295,1.6958780179265887e-05,-83.04121982073411,600,600,1.3220653904966184e-08,9.667102318644538e-08,-10.984716415405272
42,features.3.weight,0.0001000000411295,6.936035060789436e-05,-30.63964939210564,600,600,8.228984438307663e-10,3.3367077989510104e-09,-9.576160430908203
42,features.6.weight,0.0001000000411295,6.70771551085636e-05,-32.9228448914364,600,600,8.109465876593446e-10,3.2161497909299892e-09,-9.609633445739746
42,features.9.weight,0.0001000000411295,6.670996663160622e-05,-33.29003336839378,600,600,8.154405206628468e-10,2.372844365439164e-09,-9.61512279510498
43,classifier.weight,0.0001000000411295,1.413202608091524e-05,-85.86797391908476,600,600,7.726377315719901e-09,5.2937018324428215e-08,-11.167059898376465
43,features.0.weight,0.0001000000411295,2.0389314158819616e-05,-79.61068584118038,600,600,2.0543875045575533e-08,1.732415881861016e-07,-10.80048942565918
43,features.3.weight,0.0001000000411295,6.966310320422053e-05,-30.33689679577946,600,600,7.77674702412412e-10,2.5905100287104688e-09,-9.571805000305176
43,features.6.weight,0.0001000000411295,6.961083272472024e-05,-30.38916727527976,600,599,7.822626990616753e-10,2.4226780581670933e-09,-9.572555541992188
43,features.9.weight,0.0001000000411295,6.916767597431317e-05,-30.83232402568683,600,600,7.145915248418788e-10,2.324870074232876e-09,-9.57894229888916
44,classifier.weight,0.0001000000411295,1.9157178030582145e-05,-80.84282196941786,600,600,8.304076537513083e-09,6.794537199539263e-08,-10.862823486328123
44,features.0.weight,0.0001000000411295,2.3186552425613627e-05,-76.81344757438637,600,600,1.8340585050680147e-08,1.3364704898322088e-07,-10.671926498413086
44,features.3.weight,0.0001000000411295,7.201061816886067e-05,-27.98938183113932,600,600,8.70828020804737e-10,3.7297196442409594e-09,-9.538661003112791
44,features.6.weight,0.0001000000411295,7.077716145431623e-05,-29.22283854568377,600,600,8.379081317677617e-10,3.5651566143712902e-09,-9.555938720703123
44,features.9.weight,0.0001000000411295,6.808758189436048e-05,-31.912418105639517,600,600,7.712927241332323e-10,3.3506253327431072e-09,-9.594681739807127
