method,kind,scope,parameter,count,mean,std,min,max,negative_count,zero_count,positive_count,negative_fraction
meta_sgd,learning_rate,per_parameter,features.0.weight,288,0.16546947337903678,0.13147840940358416,-0.11052142828702927,0.4145779311656952,18,0,270,0.0625
meta_sgd,learning_rate,per_parameter,features.0.bias,32,0.06937206093061832,0.15913680320732218,-0.12109056115150452,0.4000000059604645,13,0,19,0.40625
meta_sgd,learning_rate,per_parameter,features.3.weight,9216,0.2530411636573654,0.1281065547091258,-0.061732545495033264,0.45079272985458374,114,0,9102,0.012369791666666666
meta_sgd,learning_rate,per_parameter,features.3.bias,32,0.15157080223434605,0.14399558363320203,-0.028307296335697174,0.4052826166152954,2,0,30,0.0625
meta_sgd,learning_rate,per_parameter,features.6.weight,9216,0.35493642880949966,0.06285028835569761,0.10125824064016342,0.526062548160553,0,0,9216,0.0
meta_sgd,learning_rate,per_parameter,features.6.bias,32,0.24770575994625688,0.06725720523364097,0.15081468224525452,0.39472496509552,0,0,32,0.0
meta_sgd,learning_rate,per_parameter,features.9.weight,9216,0.41807494262401534,0.05309834823094382,0.14613135159015656,0.6836725473403931,0,0,9216,0.0
meta_sgd,learning_rate,per_parameter,features.9.bias,32,0.2486577972304076,0.08434475660880555,0.08134668320417404,0.4080812931060791,0,0,32,0.0
meta_sgd,learning_rate,per_parameter,classifier.weight,160,0.4605182658880949,0.06731598966727002,0.3036612272262573,0.6320927739143372,0,0,160,0.0
meta_sgd,learning_rate,per_parameter,classifier.bias,5,0.10825838446617127,0.03090603659987241,0.06283674389123917,0.15224319696426392,0,0,5,0.0
