episode,method,train_query_loss,train_query_accuracy
1,meta_l2,1.609589695930481,0.20000000298023224
2,meta_l2,1.6101300716400146,0.20000000298023224
3,meta_l2,1.6093086004257202,0.20000000298023224
4,meta_l2,1.607374668121338,0.20000000298023224
5,meta_l2,1.6089494228363037,0.20000000298023224
6,meta_l2,1.6089876890182495,0.20000000298023224
7,meta_l2,1.608162522315979,0.20000000298023224
8,meta_l2,1.6079118251800537,0.2199999988079071
9,meta_l2,1.606982707977295,0.23000000417232513
10,meta_l2,1.6083240509033203,0.17999999225139618
11,meta_l2,1.6076734066009521,0.2199999988079071
12,meta_l2,1.6065526008605957,0.25
13,meta_l2,1.6054636240005493,0.20000000298023224
14,meta_l2,1.6041382551193237,0.27000001072883606
15,meta_l2,1.6050307750701904,0.1599999964237213
16,meta_l2,1.6006053686141968,0.26999998092651367
17,meta_l2,1.5966825485229492,0.20000000298023224
18,meta_l2,1.5969727039337158,0.2600000202655792
19,meta_l2,1.6015174388885498,0.23000000417232513
20,meta_l2,1.5986133813858032,0.23999999463558197
21,meta_l2,1.597583293914795,0.19999998807907104
22,meta_l2,1.5963735580444336,0.2199999988079071
23,meta_l2,1.5862339735031128,0.3499999940395355
24,meta_l2,1.5914541482925415,0.24000000953674316
25,meta_l2,1.5966297388076782,0.22999998927116394
26,meta_l2,1.5732018947601318,0.30000001192092896
27,meta_l2,1.5919241905212402,0.2900000214576721
28,meta_l2,1.5763447284698486,0.21000000834465027
29,meta_l2,1.5816075801849365,0.1899999976158142
30,meta_l2,1.586101770401001,0.26999998092651367
31,meta_l2,1.5711009502410889,0.30000001192092896
32,meta_l2,1.5702884197235107,0.28999999165534973
33,meta_l2,1.5756793022155762,0.2900000214576721
34,meta_l2,1.5692659616470337,0.2900000214576721
35,meta_l2,1.5624829530715942,0.36000001430511475
36,meta_l2,1.5556509494781494,0.20000000298023224
37,meta_l2,1.5686514377593994,0.2199999988079071
38,meta_l2,1.5451825857162476,0.25
39,meta_l2,1.5391302108764648,0.2600000202655792
40,meta_l2,1.5411460399627686,0.25999999046325684
41,meta_l2,1.5879254341125488,0.27000001072883606
42,meta_l2,1.5458320379257202,0.26999998092651367
43,meta_l2,1.5434554815292358,0.30000001192092896
44,meta_l2,1.5436546802520752,0.25999999046325684
45,meta_l2,1.526684284210205,0.3199999928474426
46,meta_l2,1.5505261421203613,0.2900000214576721
47,meta_l2,1.5223724842071533,0.2900000214576721
48,meta_l2,1.4998137950897217,0.25999999046325684
49,meta_l2,1.5145189762115479,0.2900000214576721
50,meta_l2,1.5034270286560059,0.3199999928474426
51,meta_l2,1.5077910423278809,0.23000000417232513
52,meta_l2,1.5341796875,0.3400000035762787
53,meta_l2,1.5614547729492188,0.2800000011920929
54,meta_l2,1.4807339906692505,0.3500000238418579
55,meta_l2,1.4842954874038696,0.36000001430511475
56,meta_l2,1.5056382417678833,0.2800000011920929
57,meta_l2,1.5248173475265503,0.2800000011920929
58,meta_l2,1.4877537488937378,0.25
59,meta_l2,1.5299227237701416,0.20000000298023224
60,meta_l2,1.4398431777954102,0.3199999928474426
61,meta_l2,1.4268747568130493,0.30000001192092896
62,meta_l2,1.5072221755981445,0.30000001192092896
63,meta_l2,1.474539041519165,0.4000000059604645
64,meta_l2,1.437894582748413,0.39000001549720764
65,meta_l2,1.5264395475387573,0.27000001072883606
66,meta_l2,1.5038056373596191,0.2800000011920929
67,meta_l2,1.5076448917388916,0.27000001072883606
68,meta_l2,1.4693299531936646,0.2800000011920929
69,meta_l2,1.4775643348693848,0.3400000035762787
70,meta_l2,1.4627127647399902,0.28999999165534973
71,meta_l2,1.441338062286377,0.3799999952316284
72,meta_l2,1.4749326705932617,0.39000001549720764
73,meta_l2,1.455544114112854,0.3700000047683716
74,meta_l2,1.535255789756775,0.2199999988079071
75,meta_l2,1.4657151699066162,0.3100000023841858
76,meta_l2,1.5492048263549805,0.3400000035762787
77,meta_l2,1.4544081687927246,0.3999999761581421
78,meta_l2,1.5115429162979126,0.3100000023841858
79,meta_l2,1.435458779335022,0.4700000286102295
80,meta_l2,1.4806252717971802,0.28999999165534973
81,meta_l2,1.4904229640960693,0.28999999165534973
82,meta_l2,1.3819645643234253,0.4599999785423279
83,meta_l2,1.4558699131011963,0.45000001788139343
84,meta_l2,1.4485219717025757,0.36000001430511475
85,meta_l2,1.3801336288452148,0.3499999940395355
86,meta_l2,1.4418021440505981,0.4100000262260437
87,meta_l2,1.4943640232086182,0.3400000035762787
88,meta_l2,1.5334863662719727,0.28999999165534973
89,meta_l2,1.5180845260620117,0.3199999928474426
90,meta_l2,1.4573850631713867,0.4099999964237213
91,meta_l2,1.454179048538208,0.3799999952316284
92,meta_l2,1.3591101169586182,0.44999998807907104
93,meta_l2,1.4182759523391724,0.33000001311302185
94,meta_l2,1.4726641178131104,0.4000000059604645
95,meta_l2,1.38631272315979,0.42000001668930054
96,meta_l2,1.473712682723999,0.36000001430511475
97,meta_l2,1.5111433267593384,0.3700000047683716
98,meta_l2,1.3843635320663452,0.44999998807907104
99,meta_l2,1.4042439460754395,0.4100000262260437
100,meta_l2,1.417162299156189,0.4099999964237213
101,meta_l2,1.5036633014678955,0.4000000059604645
102,meta_l2,1.3594573736190796,0.49000000953674316
103,meta_l2,1.4989492893218994,0.3399999737739563
104,meta_l2,1.2904257774353027,0.48000001907348633
105,meta_l2,1.390787959098816,0.4300000071525574
106,meta_l2,1.3574212789535522,0.47999998927116394
107,meta_l2,1.395043134689331,0.3999999761581421
108,meta_l2,1.3936245441436768,0.38999998569488525
109,meta_l2,1.4960618019104004,0.3499999940395355
110,meta_l2,1.4504867792129517,0.36000001430511475
111,meta_l2,1.4690076112747192,0.3400000035762787
112,meta_l2,1.4549912214279175,0.4100000262260437
113,meta_l2,1.3815213441848755,0.3799999952316284
114,meta_l2,1.5029150247573853,0.3499999940395355
115,meta_l2,1.4831886291503906,0.28999999165534973
116,meta_l2,1.4054961204528809,0.36000001430511475
117,meta_l2,1.4650408029556274,0.42000001668930054
118,meta_l2,1.3581708669662476,0.47999998927116394
119,meta_l2,1.2960779666900635,0.4099999964237213
120,meta_l2,1.4154775142669678,0.3799999952316284
121,meta_l2,1.3788793087005615,0.38999998569488525
122,meta_l2,1.296273946762085,0.48000001907348633
123,meta_l2,1.4513428211212158,0.35999998450279236
124,meta_l2,1.3013956546783447,0.47999995946884155
125,meta_l2,1.3823373317718506,0.4399999976158142
126,meta_l2,1.4051284790039062,0.3999999761581421
127,meta_l2,1.3212358951568604,0.44999998807907104
128,meta_l2,1.436382532119751,0.35999998450279236
129,meta_l2,1.4778645038604736,0.3400000035762787
130,meta_l2,1.232318639755249,0.5699999928474426
131,meta_l2,1.4784175157546997,0.32999998331069946
132,meta_l2,1.1589579582214355,0.5400000214576721
133,meta_l2,1.307725191116333,0.5899999737739563
134,meta_l2,1.1652944087982178,0.46000000834465027
135,meta_l2,1.4664287567138672,0.35999998450279236
136,meta_l2,1.2405105829238892,0.47999998927116394
137,meta_l2,1.345916509628296,0.4699999988079071
138,meta_l2,1.3039741516113281,0.48000001907348633
139,meta_l2,1.260488510131836,0.48000001907348633
140,meta_l2,1.3644108772277832,0.4000000059604645
141,meta_l2,1.2951411008834839,0.44999998807907104
142,meta_l2,1.3954267501831055,0.3799999952316284
143,meta_l2,1.3761905431747437,0.4399999976158142
144,meta_l2,1.4263030290603638,0.3799999952316284
145,meta_l2,1.4059350490570068,0.38999998569488525
146,meta_l2,1.2099151611328125,0.44999998807907104
147,meta_l2,1.2606691122055054,0.5099999904632568
148,meta_l2,1.337746500968933,0.38999998569488525
149,meta_l2,1.3159220218658447,0.44999998807907104
150,meta_l2,1.331725001335144,0.5099999904632568
151,meta_l2,1.4247887134552002,0.38999998569488525
152,meta_l2,1.2919708490371704,0.4899999797344208
153,meta_l2,1.2328027486801147,0.4700000286102295
154,meta_l2,1.1466996669769287,0.49000000953674316
155,meta_l2,1.3301907777786255,0.47999998927116394
156,meta_l2,1.2845838069915771,0.429999977350235
157,meta_l2,1.260545015335083,0.4699999988079071
158,meta_l2,1.3845309019088745,0.3999999761581421
159,meta_l2,1.4748951196670532,0.3100000023841858
160,meta_l2,1.2443249225616455,0.5399999618530273
161,meta_l2,1.5549440383911133,0.3700000047683716
162,meta_l2,1.189168930053711,0.49000000953674316
163,meta_l2,1.2908859252929688,0.46000000834465027
164,meta_l2,1.1534864902496338,0.5099999904632568
165,meta_l2,1.089725375175476,0.6399999856948853
166,meta_l2,1.1893852949142456,0.550000011920929
167,meta_l2,1.2782964706420898,0.49000000953674316
168,meta_l2,1.2762447595596313,0.6100000143051147
169,meta_l2,1.2760443687438965,0.5
170,meta_l2,1.4580199718475342,0.4000000059604645
171,meta_l2,1.7172795534133911,0.30000001192092896
172,meta_l2,1.1965957880020142,0.41999998688697815
173,meta_l2,1.3630450963974,0.44999998807907104
174,meta_l2,1.270164966583252,0.4899999797344208
175,meta_l2,1.4772542715072632,0.3700000047683716
176,meta_l2,1.2374355792999268,0.5200000405311584
177,meta_l2,1.3324562311172485,0.48000001907348633
178,meta_l2,1.5359127521514893,0.3400000035762787
179,meta_l2,1.2605807781219482,0.5
180,meta_l2,1.315178394317627,0.5199999809265137
181,meta_l2,1.3617511987686157,0.4899999797344208
182,meta_l2,1.3182241916656494,0.5
183,meta_l2,1.223401427268982,0.5099999904632568
184,meta_l2,1.4143996238708496,0.48000001907348633
185,meta_l2,1.2743659019470215,0.5
186,meta_l2,1.3010607957839966,0.4699999988079071
187,meta_l2,1.3892920017242432,0.49000000953674316
188,meta_l2,1.325594186782837,0.4399999976158142
189,meta_l2,1.3115650415420532,0.429999977350235
190,meta_l2,1.2974672317504883,0.4399999678134918
191,meta_l2,1.3150111436843872,0.4699999988079071
192,meta_l2,1.355246663093567,0.429999977350235
193,meta_l2,1.2988243103027344,0.550000011920929
194,meta_l2,1.1410372257232666,0.6100000143051147
195,meta_l2,1.2025010585784912,0.5
196,meta_l2,1.182222843170166,0.5399999618530273
197,meta_l2,1.1639056205749512,0.5299999713897705
198,meta_l2,1.2806732654571533,0.5200000405311584
199,meta_l2,1.1501191854476929,0.5699999928474426
200,meta_l2,1.345009207725525,0.46000000834465027
201,meta_l2,1.0764439105987549,0.5600000619888306
202,meta_l2,1.4089415073394775,0.3999999761581421
203,meta_l2,1.300997018814087,0.4699999690055847
204,meta_l2,1.2016254663467407,0.5900000333786011
205,meta_l2,1.1606894731521606,0.5200000405311584
206,meta_l2,1.2276611328125,0.5099999904632568
207,meta_l2,1.2209351062774658,0.49000000953674316
208,meta_l2,1.116584062576294,0.5299999713897705
209,meta_l2,1.0682944059371948,0.5900000333786011
210,meta_l2,1.2872525453567505,0.4099999964237213
211,meta_l2,1.180443525314331,0.5099999904632568
212,meta_l2,1.272641897201538,0.46000000834465027
213,meta_l2,1.1840934753417969,0.6299999952316284
214,meta_l2,1.2141746282577515,0.49000000953674316
215,meta_l2,1.1928822994232178,0.550000011920929
216,meta_l2,1.291581630706787,0.5
217,meta_l2,1.1929649114608765,0.45000001788139343
218,meta_l2,1.2033079862594604,0.5400000214576721
219,meta_l2,1.3987631797790527,0.3700000047683716
220,meta_l2,1.4835983514785767,0.3699999749660492
221,meta_l2,1.138102412223816,0.550000011920929
222,meta_l2,1.2311437129974365,0.44999998807907104
223,meta_l2,0.9977547526359558,0.699999988079071
224,meta_l2,1.1667612791061401,0.5900000333786011
225,meta_l2,1.4337912797927856,0.4599999785423279
226,meta_l2,1.1367006301879883,0.5800000429153442
227,meta_l2,1.2469558715820312,0.39000001549720764
228,meta_l2,1.2185620069503784,0.550000011920929
229,meta_l2,1.3801343441009521,0.4099999964237213
230,meta_l2,1.3240079879760742,0.5099999904632568
231,meta_l2,1.365835428237915,0.33000001311302185
232,meta_l2,1.237959623336792,0.5199999809265137
233,meta_l2,1.2246105670928955,0.5800000429153442
234,meta_l2,1.1575438976287842,0.6499999761581421
235,meta_l2,1.2635751962661743,0.48000001907348633
236,meta_l2,1.1939979791641235,0.5
237,meta_l2,1.3076168298721313,0.4699999988079071
238,meta_l2,1.1596654653549194,0.5600000023841858
239,meta_l2,1.3299527168273926,0.3999999761581421
240,meta_l2,1.039850115776062,0.6200000047683716
241,meta_l2,1.229042410850525,0.4899999797344208
242,meta_l2,1.2166558504104614,0.4599999785423279
243,meta_l2,1.4856715202331543,0.5
244,meta_l2,1.1527338027954102,0.5399999618530273
245,meta_l2,1.1639655828475952,0.5400000214576721
246,meta_l2,1.1330387592315674,0.5399999618530273
247,meta_l2,1.177915096282959,0.5
248,meta_l2,1.3054229021072388,0.5099999904632568
249,meta_l2,1.1430950164794922,0.550000011920929
250,meta_l2,1.098270297050476,0.6700000166893005
251,meta_l2,1.1455790996551514,0.5
252,meta_l2,1.4784355163574219,0.41999998688697815
253,meta_l2,1.0828794240951538,0.5199999809265137
254,meta_l2,1.228560209274292,0.6000000238418579
255,meta_l2,1.1410359144210815,0.5600000023841858
256,meta_l2,1.143959403038025,0.5799999833106995
257,meta_l2,1.0382736921310425,0.5800000429153442
258,meta_l2,1.3090983629226685,0.47999998927116394
259,meta_l2,1.4364902973175049,0.4399999976158142
260,meta_l2,1.0946418046951294,0.5400000214576721
261,meta_l2,1.1933622360229492,0.47999998927116394
262,meta_l2,0.9232520461082458,0.7599999904632568
263,meta_l2,1.162770390510559,0.5299999713897705
264,meta_l2,1.2866690158843994,0.4399999976158142
265,meta_l2,1.1901228427886963,0.4699999690055847
266,meta_l2,1.2233914136886597,0.5299999713897705
267,meta_l2,1.2269620895385742,0.5400000214576721
268,meta_l2,1.14859938621521,0.5700000524520874
269,meta_l2,1.1366416215896606,0.5900000333786011
270,meta_l2,1.2406353950500488,0.5
271,meta_l2,1.251853108406067,0.4599999785423279
272,meta_l2,1.2156610488891602,0.4599999785423279
273,meta_l2,0.8927038311958313,0.6600000262260437
274,meta_l2,1.0978076457977295,0.5799999833106995
275,meta_l2,1.1646865606307983,0.550000011920929
276,meta_l2,1.0937564373016357,0.5299999713897705
277,meta_l2,1.2283892631530762,0.4399999976158142
278,meta_l2,1.2592145204544067,0.5299999713897705
279,meta_l2,1.10499906539917,0.6000000238418579
280,meta_l2,1.065942645072937,0.5600000023841858
281,meta_l2,1.0435051918029785,0.5699999928474426
282,meta_l2,1.0126147270202637,0.5199999809265137
283,meta_l2,0.8201717138290405,0.6600000262260437
284,meta_l2,1.0366618633270264,0.7000000476837158
285,meta_l2,1.3520976305007935,0.35999998450279236
286,meta_l2,1.149707555770874,0.5
287,meta_l2,0.9301021695137024,0.6200000047683716
288,meta_l2,1.2383170127868652,0.41999998688697815
289,meta_l2,1.2826786041259766,0.4300000071525574
290,meta_l2,1.1942306756973267,0.5199999809265137
291,meta_l2,1.1241281032562256,0.6000000238418579
292,meta_l2,1.2387473583221436,0.48000001907348633
293,meta_l2,1.1032726764678955,0.6200000047683716
294,meta_l2,1.1202518939971924,0.5099999904632568
295,meta_l2,1.0825916528701782,0.559999942779541
296,meta_l2,1.1655573844909668,0.5
297,meta_l2,1.0420719385147095,0.5699999928474426
298,meta_l2,0.9708859920501709,0.5800000429153442
299,meta_l2,1.218881607055664,0.5200000405311584
300,meta_l2,1.0682754516601562,0.5699999928474426
301,meta_l2,1.1078449487686157,0.6200000047683716
302,meta_l2,1.1613882780075073,0.5399999618530273
303,meta_l2,1.2616255283355713,0.5600000023841858
304,meta_l2,0.9539041519165039,0.6600000262260437
305,meta_l2,1.0135847330093384,0.5799999833106995
306,meta_l2,0.9349858164787292,0.550000011920929
307,meta_l2,1.076035737991333,0.5
308,meta_l2,1.0105698108673096,0.5600000023841858
309,meta_l2,1.1783982515335083,0.4999999701976776
310,meta_l2,1.078531265258789,0.5800000429153442
311,meta_l2,1.2291851043701172,0.44999998807907104
312,meta_l2,1.092450499534607,0.5099999904632568
313,meta_l2,1.0433228015899658,0.6299999952316284
314,meta_l2,0.9781922698020935,0.6000000238418579
315,meta_l2,0.9625125527381897,0.6000000238418579
316,meta_l2,0.956190288066864,0.6200000047683716
317,meta_l2,0.8941043019294739,0.6200000047683716
318,meta_l2,1.0734460353851318,0.6100000143051147
319,meta_l2,1.0558502674102783,0.6899999976158142
320,meta_l2,0.9352349638938904,0.6700000166893005
321,meta_l2,0.9542652368545532,0.6200000047683716
322,meta_l2,0.9857858419418335,0.6100000143051147
323,meta_l2,0.978370189666748,0.5900000333786011
324,meta_l2,1.2330527305603027,0.46000000834465027
325,meta_l2,0.9020510911941528,0.6299999952316284
326,meta_l2,1.0144848823547363,0.6100000143051147
327,meta_l2,1.2092595100402832,0.49000000953674316
328,meta_l2,0.9140927791595459,0.6499999761581421
329,meta_l2,1.1215845346450806,0.5199999809265137
330,meta_l2,1.1191188097000122,0.5799999833106995
331,meta_l2,1.1286163330078125,0.5399999618530273
332,meta_l2,1.1460611820220947,0.5400000214576721
333,meta_l2,1.3091922998428345,0.5099999904632568
334,meta_l2,1.256260871887207,0.5099999904632568
335,meta_l2,0.9982683062553406,0.6600000262260437
336,meta_l2,0.9011958837509155,0.6499999761581421
337,meta_l2,1.0771455764770508,0.6299999952316284
338,meta_l2,1.1764510869979858,0.5600000023841858
339,meta_l2,0.9165292978286743,0.6499999761581421
340,meta_l2,0.8514559268951416,0.7199999690055847
341,meta_l2,1.1085963249206543,0.5699999928474426
342,meta_l2,1.1367719173431396,0.6100000143051147
343,meta_l2,1.1245880126953125,0.5299999713897705
344,meta_l2,1.0886543989181519,0.5399999618530273
345,meta_l2,1.1253701448440552,0.45000001788139343
346,meta_l2,0.8811209797859192,0.6899999976158142
347,meta_l2,1.0429213047027588,0.5800000429153442
348,meta_l2,1.2026314735412598,0.44999998807907104
349,meta_l2,0.9632357954978943,0.6800000071525574
350,meta_l2,1.094051480293274,0.5900000333786011
351,meta_l2,1.0228650569915771,0.6200000047683716
352,meta_l2,1.0464341640472412,0.5299999713897705
353,meta_l2,1.040838599205017,0.6399999856948853
354,meta_l2,1.214342713356018,0.5400000214576721
355,meta_l2,1.086997628211975,0.5800000429153442
356,meta_l2,0.987261176109314,0.5699999928474426
357,meta_l2,1.0390434265136719,0.5900000333786011
358,meta_l2,0.966973066329956,0.6700000166893005
359,meta_l2,1.1103978157043457,0.5400000214576721
360,meta_l2,0.9219480752944946,0.6399999856948853
361,meta_l2,1.1146230697631836,0.5
362,meta_l2,0.9203207492828369,0.6100000143051147
363,meta_l2,1.0442156791687012,0.5400000214576721
364,meta_l2,1.0229865312576294,0.5300000309944153
365,meta_l2,0.9657965898513794,0.6299999952316284
366,meta_l2,1.1160653829574585,0.5299999713897705
367,meta_l2,1.0851309299468994,0.6399999856948853
368,meta_l2,0.845029354095459,0.6500000357627869
369,meta_l2,1.031306266784668,0.5600000023841858
370,meta_l2,0.8739656805992126,0.6600000262260437
371,meta_l2,0.8533426523208618,0.699999988079071
372,meta_l2,0.9993870854377747,0.7300000190734863
373,meta_l2,1.0363250970840454,0.5699999928474426
374,meta_l2,0.790898323059082,0.6800000071525574
375,meta_l2,1.0830479860305786,0.5
376,meta_l2,1.1081382036209106,0.5299999713897705
377,meta_l2,1.1413629055023193,0.5899999737739563
378,meta_l2,1.0102291107177734,0.6000000238418579
379,meta_l2,1.0670396089553833,0.5700000524520874
380,meta_l2,1.1384614706039429,0.5
381,meta_l2,1.0567662715911865,0.5699999928474426
382,meta_l2,1.1019853353500366,0.5900000333786011
383,meta_l2,1.2508413791656494,0.5099999904632568
384,meta_l2,1.0214183330535889,0.6200000047683716
385,meta_l2,1.020284652709961,0.5600000023841858
386,meta_l2,1.192358136177063,0.4999999701976776
387,meta_l2,1.103363275527954,0.5699999928474426
388,meta_l2,0.9253640174865723,0.7200000286102295
389,meta_l2,1.004651665687561,0.5300000309944153
390,meta_l2,0.9935659170150757,0.5699999928474426
391,meta_l2,1.0091447830200195,0.6200000047683716
392,meta_l2,0.9249122142791748,0.6700000166893005
393,meta_l2,0.9890179634094238,0.5600000023841858
394,meta_l2,1.102097511291504,0.5199999809265137
395,meta_l2,1.129414677619934,0.5699999928474426
396,meta_l2,0.8907784223556519,0.6899999976158142
397,meta_l2,0.9525711536407471,0.6499999761581421
398,meta_l2,0.863645076751709,0.5899999737739563
399,meta_l2,0.9236360788345337,0.6200000047683716
400,meta_l2,0.9120867848396301,0.6700000166893005
401,meta_l2,0.7315448522567749,0.7300000190734863
402,meta_l2,0.6416734457015991,0.7699999809265137
403,meta_l2,1.0156583786010742,0.5900000333786011
404,meta_l2,0.811968982219696,0.6499999761581421
405,meta_l2,0.8241935968399048,0.6700000166893005
406,meta_l2,1.1433569192886353,0.5900000333786011
407,meta_l2,1.1007052659988403,0.5900000333786011
408,meta_l2,0.9792665839195251,0.6599999666213989
409,meta_l2,1.2725365161895752,0.5600000023841858
410,meta_l2,1.0645332336425781,0.5399999618530273
411,meta_l2,0.9568566679954529,0.6299999952316284
412,meta_l2,0.8796246647834778,0.6200000047683716
413,meta_l2,0.9422422647476196,0.6399999856948853
414,meta_l2,1.0992753505706787,0.6200000047683716
415,meta_l2,0.7375586032867432,0.7299999594688416
416,meta_l2,1.0626791715621948,0.5800000429153442
417,meta_l2,0.9949098229408264,0.6100000143051147
418,meta_l2,0.8765379190444946,0.6899999976158142
419,meta_l2,1.0598608255386353,0.550000011920929
420,meta_l2,1.018025279045105,0.6899999976158142
421,meta_l2,0.8002410531044006,0.7599999904632568
422,meta_l2,0.9576614499092102,0.6299999952316284
423,meta_l2,0.8153671622276306,0.6700000166893005
424,meta_l2,1.124786138534546,0.5399999618530273
425,meta_l2,0.8642650246620178,0.7599999904632568
426,meta_l2,0.9765756726264954,0.5700000524520874
427,meta_l2,1.0633602142333984,0.6399999856948853
428,meta_l2,0.8512469530105591,0.6599999666213989
429,meta_l2,1.3219548463821411,0.49000000953674316
430,meta_l2,1.1088268756866455,0.49000000953674316
431,meta_l2,0.9769813418388367,0.6399999856948853
432,meta_l2,1.048029899597168,0.6200000047683716
433,meta_l2,0.934204638004303,0.699999988079071
434,meta_l2,1.0428321361541748,0.5699999928474426
435,meta_l2,1.0871596336364746,0.5299999713897705
436,meta_l2,0.9080041646957397,0.6800000071525574
437,meta_l2,1.00965416431427,0.6299999952316284
438,meta_l2,1.0129207372665405,0.5699999928474426
439,meta_l2,0.8877162337303162,0.6599999666213989
440,meta_l2,1.263725757598877,0.4999999701976776
441,meta_l2,0.8260619044303894,0.6399999856948853
442,meta_l2,1.159515380859375,0.5400000214576721
443,meta_l2,0.949090838432312,0.6700000166893005
444,meta_l2,0.8909057974815369,0.699999988079071
445,meta_l2,1.0758718252182007,0.5900000333786011
446,meta_l2,0.9817960262298584,0.7199999690055847
447,meta_l2,0.6768952012062073,0.75
448,meta_l2,0.9197057485580444,0.6899999380111694
449,meta_l2,0.8926779627799988,0.6599999666213989
450,meta_l2,1.1156911849975586,0.5299999713897705
451,meta_l2,0.9038593173027039,0.6499999761581421
452,meta_l2,0.9974624514579773,0.5600000023841858
453,meta_l2,1.127943515777588,0.5799999833106995
454,meta_l2,0.7444721460342407,0.699999988079071
455,meta_l2,0.952424168586731,0.6200000047683716
456,meta_l2,0.7439103722572327,0.6899999976158142
457,meta_l2,0.9505468010902405,0.6399999856948853
458,meta_l2,1.0842219591140747,0.4400000274181366
459,meta_l2,0.759042501449585,0.7599999904632568
460,meta_l2,0.8803519606590271,0.6600000262260437
461,meta_l2,1.1178042888641357,0.47999998927116394
462,meta_l2,1.0368760824203491,0.6000000238418579
463,meta_l2,0.8351153135299683,0.6499999761581421
464,meta_l2,1.0821338891983032,0.5700000524520874
465,meta_l2,0.793979823589325,0.6700000166893005
466,meta_l2,1.0027482509613037,0.5799999833106995
467,meta_l2,0.9537124633789062,0.6000000238418579
468,meta_l2,0.7680011987686157,0.6899999976158142
469,meta_l2,1.0050326585769653,0.5900000333786011
470,meta_l2,0.7026443481445312,0.7500000596046448
471,meta_l2,0.8701152801513672,0.6000000238418579
472,meta_l2,0.9239910840988159,0.6399999856948853
473,meta_l2,0.7366654872894287,0.7200000286102295
474,meta_l2,0.7539187669754028,0.7599999904632568
475,meta_l2,0.9695093631744385,0.5600000023841858
476,meta_l2,0.7829945087432861,0.6800000071525574
477,meta_l2,0.6852505207061768,0.7699999809265137
478,meta_l2,0.8135920763015747,0.7599999904632568
479,meta_l2,0.7396995425224304,0.6699999570846558
480,meta_l2,0.7535760998725891,0.7200000286102295
481,meta_l2,0.8639723062515259,0.6100000143051147
482,meta_l2,0.8558028340339661,0.6399999856948853
483,meta_l2,0.6914011240005493,0.75
484,meta_l2,1.1873724460601807,0.5699999928474426
485,meta_l2,0.8103117346763611,0.6200000047683716
486,meta_l2,1.1445338726043701,0.5600000023841858
487,meta_l2,0.8683989644050598,0.6399999856948853
488,meta_l2,0.7256953120231628,0.6700000166893005
489,meta_l2,0.9359256625175476,0.6899999976158142
490,meta_l2,0.8183192610740662,0.6899999380111694
491,meta_l2,0.937525749206543,0.5600000023841858
492,meta_l2,0.7602392435073853,0.7200000286102295
493,meta_l2,0.531397819519043,0.8200000524520874
494,meta_l2,0.7610969543457031,0.699999988079071
495,meta_l2,0.8538487553596497,0.7099999189376831
496,meta_l2,0.8808718919754028,0.6100000143051147
497,meta_l2,0.88312828540802,0.7300000190734863
498,meta_l2,1.0375370979309082,0.6299999952316284
499,meta_l2,0.8477869033813477,0.6599999666213989
500,meta_l2,0.8508402705192566,0.6299999952316284
501,meta_l2,1.0695856809616089,0.6000000238418579
502,meta_l2,0.8361191749572754,0.6700000166893005
503,meta_l2,1.0977097749710083,0.5900000333786011
504,meta_l2,1.1170212030410767,0.5099999904632568
505,meta_l2,0.9084713459014893,0.6700000166893005
506,meta_l2,0.893051266670227,0.6700000166893005
507,meta_l2,1.0223016738891602,0.5799999833106995
508,meta_l2,0.9094600677490234,0.5900000333786011
509,meta_l2,0.925395131111145,0.6100000143051147
510,meta_l2,1.0630784034729004,0.5600000023841858
511,meta_l2,0.8618612289428711,0.6399999856948853
512,meta_l2,1.2424393892288208,0.5099999904632568
513,meta_l2,0.9165068864822388,0.6200000047683716
514,meta_l2,0.9377946853637695,0.6100000143051147
515,meta_l2,0.9516808390617371,0.6599999666213989
516,meta_l2,0.8445290327072144,0.7400000095367432
517,meta_l2,0.804485559463501,0.7799999713897705
518,meta_l2,0.8022865056991577,0.7200000286102295
519,meta_l2,0.8117916584014893,0.6899999976158142
520,meta_l2,0.8231266736984253,0.7000000476837158
521,meta_l2,0.7105585336685181,0.7599999904632568
522,meta_l2,0.750575065612793,0.6999999284744263
523,meta_l2,0.9796392917633057,0.6299999952316284
524,meta_l2,0.8779666423797607,0.6399999856948853
525,meta_l2,0.9241858720779419,0.6399999856948853
526,meta_l2,0.9931979179382324,0.6000000238418579
527,meta_l2,1.1475896835327148,0.6000000238418579
528,meta_l2,0.7674382925033569,0.6799999475479126
529,meta_l2,0.8777780532836914,0.6499999761581421
530,meta_l2,0.9819711446762085,0.5699999928474426
531,meta_l2,0.8914850950241089,0.6800000071525574
532,meta_l2,0.7104572057723999,0.7100000381469727
533,meta_l2,0.9479484558105469,0.5699999928474426
534,meta_l2,0.9332988262176514,0.6799999475479126
535,meta_l2,0.7684785723686218,0.6899999976158142
536,meta_l2,0.8623896837234497,0.7399999499320984
537,meta_l2,0.7906632423400879,0.7699999809265137
538,meta_l2,0.9243203997612,0.6200000047683716
539,meta_l2,0.9903466701507568,0.6100000143051147
540,meta_l2,1.0170056819915771,0.5699999928474426
541,meta_l2,1.0737812519073486,0.6100000143051147
542,meta_l2,0.7120212912559509,0.7899999618530273
543,meta_l2,0.7988338470458984,0.7099999785423279
544,meta_l2,0.9693766832351685,0.6299999952316284
545,meta_l2,0.859201192855835,0.6899999976158142
546,meta_l2,0.8980240225791931,0.7000000476837158
547,meta_l2,0.9892147779464722,0.5699999928474426
548,meta_l2,0.9427670240402222,0.5999999642372131
549,meta_l2,0.7655033469200134,0.7400000095367432
550,meta_l2,0.8003008961677551,0.6899999976158142
551,meta_l2,0.8609387278556824,0.6700000166893005
552,meta_l2,0.754613995552063,0.7199999690055847
553,meta_l2,0.7943860292434692,0.75
554,meta_l2,0.6574937701225281,0.7200000286102295
555,meta_l2,1.0302445888519287,0.5900000333786011
556,meta_l2,0.6931988000869751,0.75
557,meta_l2,0.9272121787071228,0.6399999856948853
558,meta_l2,0.830949604511261,0.6899999976158142
559,meta_l2,0.8152380585670471,0.6299999952316284
560,meta_l2,0.8387244343757629,0.6100000143051147
561,meta_l2,0.6511470079421997,0.7400000095367432
562,meta_l2,0.7917249798774719,0.6399999856948853
563,meta_l2,0.9506686925888062,0.6800000071525574
564,meta_l2,0.9940048456192017,0.6100000143051147
565,meta_l2,0.8187123537063599,0.6899999380111694
566,meta_l2,0.9067049026489258,0.6500000357627869
567,meta_l2,0.7587156295776367,0.690000057220459
568,meta_l2,0.7654079794883728,0.6599999666213989
569,meta_l2,0.8602384924888611,0.6299999952316284
570,meta_l2,0.99318927526474,0.5800000429153442
571,meta_l2,0.8231379389762878,0.6499999761581421
572,meta_l2,1.0448174476623535,0.5400000214576721
573,meta_l2,0.6495034098625183,0.7199999690055847
574,meta_l2,0.7867676019668579,0.690000057220459
575,meta_l2,0.851493239402771,0.7099999785423279
576,meta_l2,0.5364314913749695,0.8600000143051147
577,meta_l2,0.7822367548942566,0.6600000262260437
578,meta_l2,1.022871494293213,0.5600000023841858
579,meta_l2,0.9045159816741943,0.6500000357627869
580,meta_l2,1.034864902496338,0.6000000238418579
581,meta_l2,1.1022274494171143,0.6200000047683716
582,meta_l2,0.692858099937439,0.75
583,meta_l2,1.1158629655838013,0.6000000238418579
584,meta_l2,0.9502210021018982,0.6000000238418579
585,meta_l2,0.6864201426506042,0.7499999403953552
586,meta_l2,0.7960044145584106,0.6899999380111694
587,meta_l2,0.7052972316741943,0.7799999713897705
588,meta_l2,0.5558277368545532,0.8300000429153442
589,meta_l2,1.3322420120239258,0.5
590,meta_l2,0.8389678001403809,0.6499999761581421
591,meta_l2,0.846967339515686,0.6899999976158142
592,meta_l2,0.894008219242096,0.6700000166893005
593,meta_l2,0.8011977076530457,0.6399999856948853
594,meta_l2,0.8008486032485962,0.6599999666213989
595,meta_l2,0.8284152746200562,0.6100000143051147
596,meta_l2,0.8027091026306152,0.699999988079071
597,meta_l2,0.8228039741516113,0.809999942779541
598,meta_l2,0.6631304025650024,0.8299999833106995
599,meta_l2,0.7971553206443787,0.6299999952316284
600,meta_l2,0.7399773001670837,0.7700000405311584
