episode,parameter,raw_l2,coefficient,relative_change,raw_grad_before_clip,raw_step
0,features.0.weight,-9.21028995513916,0.0001000000411295,0.0,,
0,features.3.weight,-9.21028995513916,0.0001000000411295,0.0,,
0,features.6.weight,-9.21028995513916,0.0001000000411295,0.0,,
0,features.9.weight,-9.21028995513916,0.0001000000411295,0.0,,
0,classifier.weight,-9.21028995513916,0.0001000000411295,0.0,,
1,features.0.weight,-9.21081256866455,9.994779247790576e-05,-0.0005220752209424,5.509222522626088e-10,-0.0005226135253906
1,features.3.weight,-9.210309982299805,9.99980402411893e-05,-1.959758810698986e-05,1.972216834289497e-11,-2.002716064453125e-05
1,features.6.weight,-9.210311889648438,9.999785106629132e-05,-2.148933708667755e-05,2.1806664113332985e-11,-2.193450927734375e-05
1,features.9.weight,-9.210301399230955,9.999889880418776e-05,-1.1011958122253418e-05,1.1177662094519205e-11,-1.1444091796875e-05
1,classifier.weight,-9.211143493652344,9.99147305265069e-05,-0.0008526947349309,9.335587858316783e-10,-0.0008535385131835
20,features.0.weight,-9.22603702545166,9.843774751061574e-05,-0.0156225248938426,6.643596783817429e-09,-0.0017623901367187
20,features.3.weight,-9.210742950439451,9.995475556934252e-05,-0.0004524443065747,1.6693901816466902e-10,-5.245208740234375e-05
20,features.6.weight,-9.21072006225586,9.9957047495991e-05,-0.00042952504009,1.5879104975358158e-10,-4.9591064453125e-05
20,features.9.weight,-9.210576057434082,9.997143934015185e-05,-0.0002856065984815,1.4099828249403146e-10,-3.62396240234375e-05
20,classifier.weight,-9.231890678405762,9.78632378973998e-05,-0.0213676210260018,9.210013196536693e-09,-0.0022163391113281
40,features.0.weight,-9.27451515197754,9.377970854984596e-05,-0.0622029145015403,-7.569183058109273e-10,-0.001138687133789
40,features.3.weight,-9.212234497070312,9.980578761314972e-05,-0.0019421238685026,3.346764532174973e-11,-4.863739013671875e-05
40,features.6.weight,-9.212051391601562,9.982405754271896e-05,-0.0017594245728105,2.9048775537776628e-11,-4.291534423828125e-05
40,features.9.weight,-9.211501121520996,9.987899829866365e-05,-0.0012100170133635,1.454294185077032e-10,-5.626678466796875e-05
40,classifier.weight,-9.290141105651855,9.232576849171892e-05,-0.0767423150828108,8.833838549549e-09,-0.0030317306518554
60,features.0.weight,-9.327287673950195,8.895925566321239e-05,-0.1104074433678761,-1.2723577746953652e-09,-0.0031595230102539
60,features.3.weight,-9.215614318847656,9.946904901880772e-05,-0.0053095098119229,1.1701545288289594e-10,-0.000244140625
60,features.6.weight,-9.215326309204102,9.949770173989236e-05,-0.0050229826010763,1.7524563744597543e-10,-0.0002450942993164
60,features.9.weight,-9.214401245117188,9.958977170754224e-05,-0.0041022829245775,1.0398484157070341e-10,-0.0002040863037109
60,classifier.weight,-9.396474838256836,8.301274647237733e-05,-0.1698725352762267,6.101925187351753e-09,-0.0057325363159179
80,features.0.weight,-9.38412380218506,8.404436084674671e-05,-0.1595563915325328,3.421812388992862e-09,-0.0036592483520507
80,features.3.weight,-9.220751762390137,9.895936818793416e-05,-0.0104063181206583,1.5215155524384016e-12,-0.000309944152832
80,features.6.weight,-9.221112251281738,9.892369416775182e-05,-0.0107630583224818,3.1809894995848964e-11,-0.0003690719604492
80,features.9.weight,-9.220264434814451,9.90076077869162e-05,-0.009923922130838,1.088626896961209e-10,-0.0003118515014648
80,classifier.weight,-9.487446784973145,7.579450902994722e-05,-0.2420549097005278,-4.376624396229545e-09,-0.0041112899780273
100,features.0.weight,-9.458827018737791,7.799498416716233e-05,-0.2200501583283767,9.166347680888975e-09,-0.001317024230957
100,features.3.weight,-9.227706909179688,9.827350731939076e-05,-0.0172649268060922,2.0997745209250238e-10,-0.0001840591430664
100,features.6.weight,-9.22935962677002,9.811123891267926e-05,-0.0188876108732074,3.4207126020646683e-10,-0.0002613067626953
100,features.9.weight,-9.229005813598633,9.814595250645652e-05,-0.0185404749354347,6.441376321220105e-10,-0.0005445480346679
100,classifier.weight,-9.569063186645508,6.985435902606696e-05,-0.3014564097393304,-6.16194117952773e-09,-0.0020923614501953
120,features.0.weight,-9.545164108276367,7.154385821195319e-05,-0.284561417880468,2.3194759890543537e-08,-0.0053815841674804
120,features.3.weight,-9.235784530639648,9.748293086886406e-05,-0.0251706913113594,4.6177228707477975e-10,-0.0005054473876953
120,features.6.weight,-9.2390775680542,9.716245403978974e-05,-0.0283754596021026,5.131585711914964e-10,-0.0006008148193359
120,features.9.weight,-9.240095138549805,9.706364653538913e-05,-0.0293635346461087,1.5585040202825695e-10,-0.0005779266357421
120,classifier.weight,-9.648187637329102,6.454035610659048e-05,-0.3545964389340952,1.0144192152949928e-08,-0.0047216415405273
140,features.0.weight,-9.628108978271484,6.584929360542446e-05,-0.3415070639457553,5.583847695334043e-08,-0.0060186386108398
140,features.3.weight,-9.245929718017578,9.649899584474042e-05,-0.0350100415525957,1.4494324629410471e-09,-0.0006752014160156
140,features.6.weight,-9.250964164733888,9.60144170676358e-05,-0.0398558293236419,1.400577098742417e-09,-0.0007266998291015
140,features.9.weight,-9.252568244934082,9.586053784005344e-05,-0.0413946215994656,7.342972896395851e-10,-0.000676155090332
140,classifier.weight,-9.739481925964355,5.890931061003357e-05,-0.4109068938996643,3.7176882017320174e-08,-0.0060129165649414
160,features.0.weight,-9.72744369506836,5.962274371995591e-05,-0.4037725628004409,-4.209137483002223e-09,-0.0040979385375976
160,features.3.weight,-9.258767127990724,9.526818030280992e-05,-0.0473181969719007,3.007615267947017e-10,-0.0005178451538085
160,features.6.weight,-9.264836311340332,9.469174256082624e-05,-0.0530825743917375,2.414027033825761e-10,-0.0005826950073242
160,features.9.weight,-9.26747989654541,9.444176976103336e-05,-0.0555823023896664,2.5211072118835887e-10,-0.0007104873657226
160,classifier.weight,-9.843165397644045,5.310752749210224e-05,-0.4689247250789776,4.591658608887883e-09,-0.0032262802124023
180,features.0.weight,-9.806408882141112,5.509583570528776e-05,-0.4490416429471224,3.603330256396475e-08,-0.0042848587036132
180,features.3.weight,-9.27037525177002,9.416873945156112e-05,-0.0583126054843887,8.052045141759834e-10,-0.0004692077636718
180,features.6.weight,-9.279562950134276,9.330753528047352e-05,-0.0669246471952647,7.43301920014261e-10,-0.0006189346313476
180,features.9.weight,-9.281710624694824,9.310737368650734e-05,-0.0689262631349265,6.853453915489638e-10,-0.0006847381591796
180,classifier.weight,-9.923763275146484,4.899522173218429e-05,-0.5100477826781571,7.932946743949287e-09,-0.0029668807983398
200,features.0.weight,-9.9049072265625,4.992781759938225e-05,-0.5007218240061775,-2.3441533159029863e-08,-0.0027313232421875
200,features.3.weight,-9.2853364944458,9.277040953747928e-05,-0.0722959046252071,-1.5478973658389347e-10,-0.0006036758422851
200,features.6.weight,-9.296215057373049,9.176671301247552e-05,-0.0823328698752448,-2.455643466348078e-10,-0.000645637512207
200,features.9.weight,-9.29842758178711,9.15639102458954e-05,-0.0843608975410461,1.6747775388736838e-10,-0.0007915496826171
200,classifier.weight,-10.015411376953123,4.470461863093078e-05,-0.5529538136906922,6.283249476268793e-09,-0.0043039321899414
220,features.0.weight,-9.978005409240724,4.640846964321099e-05,-0.5359153035678901,2.4368738138491608e-08,-0.0019893646240234
220,features.3.weight,-9.299057006835938,9.150629921350628e-05,-0.0849370078649371,3.588118968611553e-10,-0.0003881454467773
220,features.6.weight,-9.311447143554688,9.037957352120428e-05,-0.096204264787957,3.618736699184666e-10,-0.0005426406860351
220,features.9.weight,-9.315699577331545,8.99960650713183e-05,-0.100039349286817,3.9350303571161755e-10,-0.0006237030029296
220,classifier.weight,-10.092965126037598,4.136870848014951e-05,-0.5863129151985049,2.466765280928485e-08,-0.0022354125976562
240,features.0.weight,-10.052705764770508,4.306812843424268e-05,-0.5693187156575732,-2.778890895172026e-09,-0.0026397705078125
240,features.3.weight,-9.31435775756836,9.011690417537466e-05,-0.0988309582462534,-3.4113067926000435e-10,-0.0005979537963867
240,features.6.weight,-9.328961372375488,8.88104914338328e-05,-0.111895085661672,-3.8418898617997854e-10,-0.000716209411621
240,features.9.weight,-9.33211612701416,8.853076724335551e-05,-0.1146923275664448,5.204725539442734e-13,-0.0007200241088867
240,classifier.weight,-10.178397178649902,3.798131365329027e-05,-0.6201868634670973,1.0553073970243074e-09,-0.0037307739257812
260,features.0.weight,-10.12635898590088,4.001008710474707e-05,-0.5998991289525293,2.1925789184251695e-08,-0.0033016204833984
260,features.3.weight,-9.33046054840088,8.867745054885745e-05,-0.1132254945114255,-2.4727847547367787e-10,-0.000533103942871
260,features.6.weight,-9.347112655639648,8.721308404346928e-05,-0.1278691595653072,-3.0343758061768256e-10,-0.000624656677246
260,features.9.weight,-9.348752975463867,8.707014058018103e-05,-0.1292985941981896,-5.3501651026133246e-11,-0.0006599426269531
260,classifier.weight,-10.255536079406738,3.5161679988959804e-05,-0.648383200110402,4.220880978067498e-09,-0.0030803680419921
280,features.0.weight,-10.208499908447266,3.685503543238156e-05,-0.6314496456761844,-2.7023798310210626e-08,-0.0027484893798828
280,features.3.weight,-9.347070693969728,8.72167365741916e-05,-0.127832634258084,-1.316053266364747e-09,-0.0008754730224609
280,features.6.weight,-9.36518383026123,8.565125608583912e-05,-0.1434874391416087,-8.876838708538061e-10,-0.0009956359863281
280,features.9.weight,-9.366215705871582,8.556292596040294e-05,-0.1443707403959706,1.4596052144710822e-10,-0.0009326934814453
280,classifier.weight,-10.344218254089355,3.217778430553153e-05,-0.6782221569446847,-4.3162899920901054e-09,-0.0046777725219726
300,features.0.weight,-10.272207260131836,3.458036371739581e-05,-0.6541963628260419,-3.7307433586875056e-08,-0.0017662048339843
300,features.3.weight,-9.361611366271973,8.595777762820944e-05,-0.1404222237179055,-1.501105684198478e-09,-0.0005397796630859
300,features.6.weight,-9.38123607635498,8.428739965893328e-05,-0.1571260034106671,-1.1272992539446134e-09,-0.000624656677246
300,features.9.weight,-9.383488655090332,8.409775182371959e-05,-0.1590224817628041,-6.467155144740389e-10,-0.0006933212280273
300,classifier.weight,-10.407493591308594,3.0204830181901343e-05,-0.6979516981809866,2.3173023500078216e-09,-0.002781867980957
320,features.0.weight,-10.330699920654297,3.261571691837162e-05,-0.6738428308162838,2.2891747164521803e-08,-0.002899169921875
320,features.3.weight,-9.378023147583008,8.455863280687481e-05,-0.1544136719312518,1.4840982887065481e-09,-0.0009613037109375
320,features.6.weight,-9.399523735046388,8.276005246443674e-05,-0.1723994753556326,1.6707620842382196e-09,-0.0010719299316406
320,features.9.weight,-9.400335311889648,8.269290992757306e-05,-0.1730709007242694,1.3507945872959224e-09,-0.0009784698486328
320,classifier.weight,-10.488370895385742,2.785815559036564e-05,-0.7214184440963436,1.2525029902121789e-08,-0.004460334777832
340,features.0.weight,-10.39901351928711,3.046205529244617e-05,-0.6953794470755383,-3.0167619513576933e-09,-0.0017929077148437
340,features.3.weight,-9.392990112304688,8.33025187603198e-05,-0.166974812396802,3.82753551075865e-10,-0.0004892349243164
340,features.6.weight,-9.415770530700684,8.142637670971453e-05,-0.1857362329028546,6.038379796180492e-10,-0.0005693435668945
340,features.9.weight,-9.41836929321289,8.12150610727258e-05,-0.1878493892727419,6.191148704814964e-10,-0.0007743835449218
340,classifier.weight,-10.560803413391112,2.5911687771440484e-05,-0.7408831222855952,8.332155410073483e-09,-0.0029754638671875
360,features.0.weight,-10.453859329223633,2.8836351702921093e-05,-0.7116364829707891,2.8080126668328376e-08,-0.0026798248291015
360,features.3.weight,-9.40801239013672,8.206052734749392e-05,-0.1793947265250608,1.937410454289079e-09,-0.000706672668457
360,features.6.weight,-9.432072639465332,8.01097703515552e-05,-0.198902296484448,1.7429566678828223e-09,-0.0007658004760742
360,features.9.weight,-9.43626308441162,7.977479981491342e-05,-0.2022520018508657,1.5165158018248803e-09,-0.0008649826049804
360,classifier.weight,-10.61843490600586,2.4460594431729987e-05,-0.7553940556827001,1.6493768129066666e-08,-0.0025672912597656
380,features.0.weight,-10.50290298461914,2.7456249881652184e-05,-0.7254375011834782,2.039576862955528e-08,-0.0031538009643554
380,features.3.weight,-9.42218780517578,8.090554183581844e-05,-0.1909445816418156,3.5231140227409696e-10,-0.0007123947143554
380,features.6.weight,-9.447222709655762,7.890530105214566e-05,-0.2109469894785434,2.997666281867595e-10,-0.0007352828979492
380,features.9.weight,-9.451455116271973,7.857206219341606e-05,-0.2142793780658394,6.205128633141044e-10,-0.0007190704345703
380,classifier.weight,-10.67631721496582,2.308497278136201e-05,-0.7691502721863799,-1.4767126410575315e-09,-0.0022687911987304
400,features.0.weight,-10.56147289276123,2.5894349164445885e-05,-0.7410565083555412,-7.178494243476052e-09,-0.0025186538696289
400,features.3.weight,-9.43753147125244,7.96736785559915e-05,-0.203263214440085,1.5866493674465687e-09,-0.0009231567382812
400,features.6.weight,-9.463153839111328,7.765825284877792e-05,-0.2234174715122208,1.786263692515888e-09,-0.0009622573852539
400,features.9.weight,-9.467501640319824,7.7321361459326e-05,-0.22678638540674,1.789474235458499e-09,-0.0009174346923828
400,classifier.weight,-10.729397773742676,2.1891575670451857e-05,-0.7810842432954814,8.329074319135543e-09,-0.0029067993164062
420,features.0.weight,-10.60838222503662,2.4707727789063935e-05,-0.7529227221093606,2.071925209179426e-08,-0.0032110214233398
420,features.3.weight,-9.451459884643556,7.857168384362012e-05,-0.2142831615637987,1.676896843605391e-09,-0.0008211135864257
420,features.6.weight,-9.478116035461426,7.650501356692985e-05,-0.2349498643307015,1.6444368089452155e-09,-0.0008468627929687
420,features.9.weight,-9.483049392700195,7.612852641614154e-05,-0.2387147358385846,1.3123893083388791e-09,-0.0008583068847656
420,classifier.weight,-10.77750301361084,2.0863413737970404e-05,-0.791365862620296,7.0711481114926755e-09,-0.0022096633911132
440,features.0.weight,-10.661230087280272,2.343589403608348e-05,-0.7656410596391652,2.0973235592691708e-08,-0.0022611618041992
440,features.3.weight,-9.468796730041504,7.722128793830052e-05,-0.2277871206169948,2.0178025916806064e-09,-0.0007534027099609
440,features.6.weight,-9.496562957763672,7.510672003263608e-05,-0.2489327996736392,1.991509845922224e-09,-0.0008296966552734
440,features.9.weight,-9.501590728759766,7.473005825886503e-05,-0.2526994174113497,1.7697002752115052e-09,-0.0009212493896484
440,classifier.weight,-10.830907821655272,1.9778446585405615e-05,-0.8022155341459438,8.591956479619967e-09,-0.0022411346435546
460,features.0.weight,-10.701133728027344,2.25191379286116e-05,-0.774808620713884,2.658990538861872e-08,-0.0025691986083984
460,features.3.weight,-9.482298851013184,7.618568633915856e-05,-0.2381431366084143,1.8084744812796318e-09,-0.0006351470947265
460,features.6.weight,-9.511449813842772,7.39969327696599e-05,-0.2600306723034009,1.7371016847178564e-09,-0.0006780624389648
460,features.9.weight,-9.51700496673584,7.358703442150727e-05,-0.2641296557849273,1.0838894226594675e-09,-0.0006008148193359
460,classifier.weight,-10.87207317352295,1.898079972306732e-05,-0.8101920027693268,1.2731807608190593e-08,-0.0019407272338867
480,features.0.weight,-10.742798805236816,2.16001662920462e-05,-0.783998337079538,2.322029502010992e-08,-0.002960205078125
480,features.3.weight,-9.495810508728027,7.516325422329828e-05,-0.2483674577670171,2.318169212145449e-09,-0.0007266998291015
480,features.6.weight,-9.525794982910156,7.294305396499112e-05,-0.2705694603500888,2.217534378345931e-09,-0.0007410049438476
480,features.9.weight,-9.529937744140623,7.26415091776289e-05,-0.2735849082237109,1.519374848157895e-09,-0.0006160736083984
480,classifier.weight,-10.918706893920898,1.811598303902429e-05,-0.8188401696097571,1.3921341412981292e-08,-0.0029287338256835
500,features.0.weight,-10.78457736968994,2.0716341168736108e-05,-0.7928365883126389,-1.6466142227500313e-08,-0.0022544860839843
500,features.3.weight,-9.510485649108888,7.406831718981266e-05,-0.2593168281018734,9.227718589244204e-11,-0.0008268356323242
500,features.6.weight,-9.541468620300291,7.180873217293993e-05,-0.2819126782706007,2.3218305056360575e-10,-0.0008363723754882
500,features.9.weight,-9.543950080871582,7.1630762249697e-05,-0.28369237750303,8.817792052084882e-10,-0.0008459091186523
500,classifier.weight,-10.97420597076416,1.7137961549451575e-05,-0.8286203845054843,1.221906575921139e-09,-0.0022306442260742
520,features.0.weight,-10.82627773284912,1.9870234609697945e-05,-0.8012976539030205,2.291909773077805e-09,-0.0005455017089843
520,features.3.weight,-9.52463436126709,7.302776066353545e-05,-0.2697223933646455,1.3786027874829188e-09,-0.0005521774291992
520,features.6.weight,-9.556286811828612,7.075253233779222e-05,-0.2924746766220778,1.470794153135557e-09,-0.0006341934204101
520,features.9.weight,-9.559517860412598,7.052430737530813e-05,-0.2947569262469187,1.245331615606915e-09,-0.0007514953613281
520,classifier.weight,-11.017745018005373,1.6407808288931847e-05,-0.8359219171106815,7.969051196710097e-09,-0.0022859573364257
540,features.0.weight,-10.87584400177002,1.890936073323246e-05,-0.8109063926676754,-3.944456317128697e-09,-0.0021095275878906
540,features.3.weight,-9.538838386535645,7.199784886324778e-05,-0.2800215113675222,-5.996252105955335e-11,-0.0004892349243164
540,features.6.weight,-9.57097339630127,6.972104893065989e-05,-0.3027895106934011,1.3615997218607843e-11,-0.0005149841308593
540,features.9.weight,-9.57386875152588,6.951948307687417e-05,-0.3048051692312583,-2.9609945051412007e-10,-0.0004892349243164
540,classifier.weight,-11.066245079040527,1.563102523505222e-05,-0.8436897476494778,4.602778158613319e-09,-0.002202033996582
560,features.0.weight,-10.90481185913086,1.83694592124084e-05,-0.816305407875916,1.3190627257131382e-08,-0.0017099380493164
560,features.3.weight,-9.549348831176758,7.124510011635721e-05,-0.2875489988364279,1.3445042301718502e-10,-0.0004386901855468
560,features.6.weight,-9.582101821899414,6.894949910929427e-05,-0.3105050089070573,-5.806154168563893e-11,-0.0004377365112304
560,features.9.weight,-9.586015701293944,6.868017226224765e-05,-0.3131982773775235,9.71809521743694e-10,-0.0006923675537109
560,classifier.weight,-11.103742599487305,1.5055756193760317e-05,-0.8494424380623968,-4.043867463110473e-09,-0.0010433197021484
580,features.0.weight,-10.94853687286377,1.758356847858522e-05,-0.8241643152141478,-4.3077714728667615e-09,-0.0019569396972656
580,features.3.weight,-9.564066886901855,7.020423072390258e-05,-0.2979576927609741,3.6335034980794484e-10,-0.0006933212280273
580,features.6.weight,-9.596540451049805,6.796114757889882e-05,-0.3203885242110118,5.394665825164681e-10,-0.0006942749023437
580,features.9.weight,-9.601183891296388,6.764630961697549e-05,-0.3235369038302451,5.480873532803797e-10,-0.0006885528564453
580,classifier.weight,-11.140351295471191,1.4514555914502124e-05,-0.8548544408549787,6.817778563927844e-10,-0.0019216537475585
600,features.0.weight,-10.984716415405272,1.6958780179265887e-05,-0.8304121982073411,-1.3038170543211434e-09,-0.0024356842041015
600,features.3.weight,-9.576160430908203,6.936035060789436e-05,-0.3063964939210564,-8.932013462192856e-11,-0.0006675720214843
600,features.6.weight,-9.609633445739746,6.70771551085636e-05,-0.329228448914364,-5.6556231919913096e-11,-0.0006942749023437
600,features.9.weight,-9.61512279510498,6.670996663160622e-05,-0.3329003336839378,2.7623792142605907e-11,-0.000701904296875
600,classifier.weight,-11.174609184265137,1.4025742530066054e-05,-0.8597425746993395,4.732247482763796e-09,-0.001683235168457
