episode,method,train_query_loss,train_query_accuracy,raw_l2_grad_norm,all_grad_norm_before_clip,l2::features.0.weight,raw_l2_grad::features.0.weight,l2::features.3.weight,raw_l2_grad::features.3.weight,l2::features.6.weight,raw_l2_grad::features.6.weight,l2::features.9.weight,raw_l2_grad::features.9.weight,l2::classifier.weight,raw_l2_grad::classifier.weight
1,meta_l2,1.6117651462554932,0.2000000029802322,1.0844522900042306e-09,0.0704030394554138,9.994779247790576e-05,5.509222522626088e-10,9.99980402411893e-05,1.972216834289497e-11,9.999785106629132e-05,2.1806664113332985e-11,9.999889880418776e-05,1.1177662094519205e-11,9.99147305265069e-05,9.335587858316783e-10
20,meta_l2,1.584582805633545,0.2899999916553497,1.1359343513392982e-08,0.142155721783638,9.843774751061574e-05,6.643596783817429e-09,9.995475556934252e-05,1.6693901816466902e-10,9.9957047495991e-05,1.5879104975358158e-10,9.997143934015185e-05,1.4099828249403146e-10,9.78632378973998e-05,9.210013196536693e-09
40,meta_l2,1.5438148975372314,0.25,8.867510500223881e-09,0.4047839045524597,9.377970854984596e-05,-7.569183058109273e-10,9.980578761314972e-05,3.346764532174973e-11,9.982405754271896e-05,2.9048775537776628e-11,9.987899829866365e-05,1.454294185077032e-10,9.232576849171892e-05,8.833838549549e-09
60,meta_l2,1.540874481201172,0.2999999821186065,6.23759583459839e-09,0.4250368475914001,8.895925566321239e-05,-1.2723577746953652e-09,9.946904901880772e-05,1.1701545288289594e-10,9.949770173989236e-05,1.7524563744597543e-10,9.958977170754224e-05,1.0398484157070341e-10,8.301274647237733e-05,6.101925187351753e-09
80,meta_l2,1.5592398643493652,0.3400000035762787,5.5566632434199e-09,0.6687398552894592,8.404436084674671e-05,3.421812388992862e-09,9.895936818793416e-05,1.5215155524384016e-12,9.892369416775182e-05,3.1809894995848964e-11,9.90076077869162e-05,1.088626896961209e-10,7.579450902994722e-05,-4.376624396229545e-09
100,meta_l2,1.407557725906372,0.4600000083446502,1.1071019170494673e-08,1.2771670818328855,7.799498416716233e-05,9.166347680888975e-09,9.827350731939076e-05,2.0997745209250238e-10,9.811123891267926e-05,3.4207126020646683e-10,9.814595250645652e-05,6.441376321220105e-10,6.985435902606696e-05,-6.16194117952773e-09
120,meta_l2,1.38533616065979,0.3899999856948852,2.5325922994592872e-08,0.9898443222045898,7.154385821195319e-05,2.3194759890543537e-08,9.748293086886406e-05,4.6177228707477975e-10,9.716245403978974e-05,5.131585711914964e-10,9.706364653538913e-05,1.5585040202825695e-10,6.454035610659048e-05,1.0144192152949928e-08
140,meta_l2,1.229298710823059,0.5,6.71167470023853e-08,1.3124597072601318,6.584929360542446e-05,5.583847695334043e-08,9.649899584474042e-05,1.4494324629410471e-09,9.60144170676358e-05,1.400577098742417e-09,9.586053784005344e-05,7.342972896395851e-10,5.890931061003357e-05,3.7176882017320174e-08
160,meta_l2,1.330557346343994,0.449999988079071,6.2459954937805485e-09,1.160484790802002,5.962274371995591e-05,-4.209137483002223e-09,9.526818030280992e-05,3.007615267947017e-10,9.469174256082624e-05,2.414027033825761e-10,9.444176976103336e-05,2.5211072118835887e-10,5.310752749210224e-05,4.591658608887883e-09
180,meta_l2,1.2750589847564695,0.5199999809265137,3.691884461989877e-08,1.6014747619628906,5.509583570528776e-05,3.603330256396475e-08,9.416873945156112e-05,8.052045141759834e-10,9.330753528047352e-05,7.43301920014261e-10,9.310737368650734e-05,6.853453915489638e-10,4.899522173218429e-05,7.932946743949287e-09
200,meta_l2,1.2763561010360718,0.5799999833106995,2.427132075796176e-08,2.251969814300537,4.992781759938225e-05,-2.3441533159029863e-08,9.277040953747928e-05,-1.5478973658389347e-10,9.176671301247552e-05,-2.455643466348078e-10,9.15639102458954e-05,1.6747775388736838e-10,4.470461863093078e-05,6.283249476268793e-09
220,meta_l2,1.2322731018066406,0.4800000190734863,3.468058587670078e-08,1.8391942977905276,4.640846964321099e-05,2.4368738138491608e-08,9.150629921350628e-05,3.588118968611553e-10,9.037957352120428e-05,3.618736699184666e-10,8.99960650713183e-05,3.9350303571161755e-10,4.136870848014951e-05,2.466765280928485e-08
240,meta_l2,1.312122106552124,0.4699999988079071,3.016600718989882e-09,2.3307371139526367,4.306812843424268e-05,-2.778890895172026e-09,9.011690417537466e-05,-3.4113067926000435e-10,8.88104914338328e-05,-3.8418898617997854e-10,8.853076724335551e-05,5.204725539442734e-13,3.798131365329027e-05,1.0553073970243074e-09
260,meta_l2,1.2343485355377195,0.429999977350235,2.2331864029222618e-08,2.366597890853882,4.001008710474707e-05,2.1925789184251695e-08,8.867745054885745e-05,-2.4727847547367787e-10,8.721308404346928e-05,-3.0343758061768256e-10,8.707014058018103e-05,-5.3501651026133246e-11,3.5161679988959804e-05,4.220880978067498e-09
280,meta_l2,1.3041658401489258,0.5,2.7412721822815484e-08,4.514703273773193,3.685503543238156e-05,-2.7023798310210626e-08,8.72167365741916e-05,-1.316053266364747e-09,8.565125608583912e-05,-8.876838708538061e-10,8.556292596040294e-05,1.4596052144710822e-10,3.217778430553153e-05,-4.3162899920901054e-09
300,meta_l2,1.3924508094787598,0.4399999976158142,3.7432029785468257e-08,3.770056962966919,3.458036371739581e-05,-3.7307433586875056e-08,8.595777762820944e-05,-1.501105684198478e-09,8.428739965893328e-05,-1.1272992539446134e-09,8.409775182371959e-05,-6.467155144740389e-10,3.0204830181901343e-05,2.3173023500078216e-09
320,meta_l2,0.9450765252113342,0.6800000071525574,2.6224551511573553e-08,2.0861265659332275,3.261571691837162e-05,2.2891747164521803e-08,8.455863280687481e-05,1.4840982887065481e-09,8.276005246443674e-05,1.6707620842382196e-09,8.269290992757306e-05,1.3507945872959224e-09,2.785815559036564e-05,1.2525029902121789e-08
340,meta_l2,1.2722580432891846,0.5,8.911795007635555e-09,2.475733995437622,3.046205529244617e-05,-3.0167619513576933e-09,8.33025187603198e-05,3.82753551075865e-10,8.142637670971453e-05,6.038379796180492e-10,8.12150610727258e-05,6.191148704814964e-10,2.5911687771440484e-05,8.332155410073483e-09
360,meta_l2,0.9050276875495912,0.6499999761581421,3.2705185799754635e-08,1.6526780128479004,2.8836351702921093e-05,2.8080126668328376e-08,8.206052734749392e-05,1.937410454289079e-09,8.01097703515552e-05,1.7429566678828223e-09,7.977479981491342e-05,1.5165158018248803e-09,2.4460594431729987e-05,1.6493768129066666e-08
380,meta_l2,1.0820672512054443,0.6000000238418579,2.0463799202095767e-08,3.051074981689453,2.7456249881652184e-05,2.039576862955528e-08,8.090554183581844e-05,3.5231140227409696e-10,7.890530105214566e-05,2.997666281867595e-10,7.857206219341606e-05,6.205128633141044e-10,2.308497278136201e-05,-1.4767126410575315e-09
400,meta_l2,0.8104735612869263,0.7400000095367432,1.13936241315523e-08,2.185473680496216,2.5894349164445885e-05,-7.178494243476052e-09,7.96736785559915e-05,1.5866493674465687e-09,7.765825284877792e-05,1.786263692515888e-09,7.7321361459326e-05,1.789474235458499e-09,2.1891575670451857e-05,8.329074319135543e-09
420,meta_l2,1.0448026657104492,0.6000000238418579,2.20573584999958e-08,1.5033015012741089,2.4707727789063935e-05,2.071925209179426e-08,7.857168384362012e-05,1.676896843605391e-09,7.650501356692985e-05,1.6444368089452155e-09,7.612852641614154e-05,1.3123893083388791e-09,2.0863413737970404e-05,7.0711481114926755e-09
440,meta_l2,0.789960503578186,0.6999999284744263,2.290999356620852e-08,1.8899710178375244,2.343589403608348e-05,2.0973235592691708e-08,7.722128793830052e-05,2.0178025916806064e-09,7.510672003263608e-05,1.991509845922224e-09,7.473005825886503e-05,1.7697002752115052e-09,1.9778446585405615e-05,8.591956479619967e-09
460,meta_l2,1.0235203504562378,0.6399999856948853,2.96071766982385e-08,1.9727797508239744,2.25191379286116e-05,2.658990538861872e-08,7.618568633915856e-05,1.8084744812796318e-09,7.39969327696599e-05,1.7371016847178564e-09,7.358703442150727e-05,1.0838894226594675e-09,1.898079972306732e-05,1.2731807608190593e-08
480,meta_l2,0.7627036571502686,0.6899999976158142,2.730541548305444e-08,2.1151657104492188,2.16001662920462e-05,2.322029502010992e-08,7.516325422329828e-05,2.318169212145449e-09,7.294305396499112e-05,2.217534378345931e-09,7.26415091776289e-05,1.519374848157895e-09,1.811598303902429e-05,1.3921341412981292e-08
500,meta_l2,0.8582199811935425,0.6899999976158142,1.6536833256439752e-08,3.092737436294556,2.0716341168736108e-05,-1.6466142227500313e-08,7.406831718981266e-05,9.227718589244204e-11,7.180873217293993e-05,2.3218305056360575e-10,7.1630762249697e-05,8.817792052084882e-10,1.7137961549451575e-05,1.221906575921139e-09
520,meta_l2,0.819146454334259,0.699999988079071,8.623993234175206e-09,2.32791805267334,1.9870234609697945e-05,2.291909773077805e-09,7.302776066353545e-05,1.3786027874829188e-09,7.075253233779222e-05,1.470794153135557e-09,7.052430737530813e-05,1.245331615606915e-09,1.6407808288931847e-05,7.969051196710097e-09
540,meta_l2,0.8704355955123901,0.6700000166893005,6.06924692190482e-09,3.1906418800354004,1.890936073323246e-05,-3.944456317128697e-09,7.199784886324778e-05,-5.996252105955335e-11,6.972104893065989e-05,1.3615997218607843e-11,6.951948307687417e-05,-2.9609945051412007e-10,1.563102523505222e-05,4.602778158613319e-09
560,meta_l2,1.0869849920272827,0.4599999785423279,1.3831535464336745e-08,4.43641471862793,1.83694592124084e-05,1.3190627257131382e-08,7.124510011635721e-05,1.3445042301718502e-10,6.894949910929427e-05,-5.806154168563893e-11,6.868017226224765e-05,9.71809521743694e-10,1.5055756193760317e-05,-4.043867463110473e-09
580,meta_l2,0.7754651308059692,0.6600000262260437,4.443553029400646e-09,3.8607022762298575,1.758356847858522e-05,-4.3077714728667615e-09,7.020423072390258e-05,3.6335034980794484e-10,6.796114757889882e-05,5.394665825164681e-10,6.764630961697549e-05,5.480873532803797e-10,1.4514555914502124e-05,6.817778563927844e-10
600,meta_l2,0.8508435487747192,0.5799999833106995,4.909790720282601e-09,4.14280891418457,1.6958780179265887e-05,-1.3038170543211434e-09,6.936035060789436e-05,-8.932013462192856e-11,6.70771551085636e-05,-5.6556231919913096e-11,6.670996663160622e-05,2.7623792142605907e-11,1.4025742530066054e-05,4.732247482763796e-09
